Group,Name,Height
3,Abigail,151.09962170955896
2,Amelia,144.53368144215813
1,Ava,150.84441176683055
2,Charlotte,144.2526003986535
3,Emily,150.01613555140295
1,Emma,127.92934250614579
3,Evelyn,154.35548000906718
3,Harper,155.22807300246453
1,Isabella,116.54302297370651
2,Mia,155.06055892157573
1,Olivia,142.7742924211066
2,Sophia,154.2912468881105
